이름,성별,생일,종류,성격,일어나는 시각,잠드는 시각,자금,가구 수
럭키,남,11월 04일,개,먹보,8:00,23:00,5575,2
로빈,남,05월 13일,개,먹보,8:00,23:00,2703,5
존,남,11월 01일,개,무뚝뚝,9:00,3:30,9850,1
토미,남,08월 04일,개,먹보,8:00,23:00,3665,2
벤,남,06월 10일,개,먹보,8:00,23:00,6994,3
샹펜,남,10월 30일,개,무뚝뚝,9:00,3:30,9988,4
에드워드,남,12월 31일,개,먹보,8:00,23:00,4205,9
챔프,남,11월 11일,개,운동광,6:30,0:30,1581,3
땡칠이,남,08월 03일,개,먹보,8:00,23:00,7985,5
밥,남,11월 24일,개,느끼함,7:00,2:00,9737,10
바닐라,여,11월 16일,개,친절함,6:00,0:00,1079,3
카라멜,여,12월 27일,개,친절함,6:00,0:00,5924,9
블랜더,여,10월 25일,개,성숙함,8:30,2:30,2305,5
베리,여,06월 18일,개,아이돌,7:30,1:30,4701,10
마롱,여,01월 11일,개,아이돌,7:30,1:30,5491,6
베이글,여,10월 15일,개,친절함,6:00,0:00,3303,4
한나,여,05월 11일,개,단순활발,9:30,3:30,6937,7
드리미,남,07월 08일,개구리,먹보,8:00,23:00,7173,5
철컥,남,02월 13일,개구리,운동광,6:30,0:30,2657,2
샘,남,08월 21일,개구리,무뚝뚝,9:00,3:30,6712,10
충성,남,06월 05일,개구리,무뚝뚝,9:00,3:30,7177,3
왕서방,남,12월 17일,개구리,운동광,6:30,0:30,9125,8
카일,남,07월 21일,개구리,먹보,8:00,23:00,8045,1
스트로,남,07월 09일,개구리,먹보/느끼함,NaN,NaN,9103,8
텀보,남,08월 03일,개구리,운동광,6:30,0:30,1768,9
덕,남,10월 09일,개구리,운동광,6:30,0:30,8230,7
구리구리,남,02월 08일,개구리,운동광,6:30,0:30,8312,4
개군,남,06월 06일,개구리,먹보,8:00,23:00,7745,3
헨리,남,09월 21일,개구리,느끼함,7:00,2:00,7982,8
투투,남,07월 18일,개구리,무뚝뚝,9:00,3:30,9981,2
레이니,여,02월 04일,개구리,친절함,6:00,0:00,4337,8
가위,여,01월 13일,개구리,아이돌,7:30,1:30,1934,2
에스메랄다,여,10월 27일,개구리,친절함,6:00,0:00,9059,2
린다,여,08월 11일,개구리,성숙함,8:30,2:30,9465,10
아이다,여,10월 02일,개구리,단순활발,9:30,3:30,5312,9
사지마,남,03월 09일,개미핥기,무뚝뚝,9:00,3:30,5742,7
퍼머거,남,10월 20일,개미핥기,운동광,6:30,0:30,4866,7
안토니오,남,05월 19일,개미핥기,느끼함,7:00,2:00,7885,2
패트라,여,11월 09일,개미핥기,아이돌,7:30,1:30,5730,6
스누티,여,10월 24일,개미핥기,성숙함,8:30,2:30,7638,4
소면,여,02월 10일,개미핥기,친절함,6:00,0:00,9520,4
아롱이,여,02월 16일,개미핥기,아이돌,7:30,1:30,6058,4
설백,여,02월 06일,개미핥기,친절함,6:00,0:00,6911,7
덤벨,남,09월 11일,고릴라,무뚝뚝,9:00,3:30,2716,7
앨런,남,09월 06일,고릴라,무뚝뚝,9:00,3:30,8859,2
머슬,남,03월 26일,고릴라,운동광,6:30,0:30,1157,5
보이드,남,10월 01일,고릴라,무뚝뚝,9:00,3:30,4328,1
만복이,남,09월 12일,고릴라,운동광,6:30,0:30,6643,6
우락,남,10월 18일,고릴라,먹보,8:00,23:00,3035,4
스나일,남,12월 05일,고릴라,느끼함,7:00,2:00,6384,6
줌마,여,09월 01일,고릴라,아이돌/성숙함,NaN,NaN,9543,2
4호,여,04월 14일,고릴라,단순활발,9:30,3:30,2747,7
릴라,여,11월 01일,고릴라,아이돌,7:30,1:30,6658,8
히죽,남,01월 01일,고양이,먹보,8:00,23:00,2384,5
가북희,남,11월 29일,고양이,무뚝뚝,9:00,3:30,8836,10
밴덤,남,12월 10일,고양이,무뚝뚝,9:00,3:30,3207,3
땀띠,남,08월 17일,고양이,운동광,6:30,0:30,4488,6
빙티,남,04월 11일,고양이,먹보,8:00,23:00,6485,6
1호,남,08월 01일,고양이,운동광,6:30,0:30,5400,4
진상,남,01월 12일,고양이,먹보,8:00,23:00,2590,6
찰스,남,12월 20일,고양이,운동광,6:30,0:30,2940,9
잭슨,남,10월 01일,고양이,느끼함,7:00,2:00,1967,1
마르,여,09월 25일,고양이,친절함,6:00,0:00,1976,3
부케,여,02월 27일,고양이,아이돌,7:30,1:30,5426,3
올리비아,여,02월 03일,고양이,성숙함,8:30,2:30,6558,4
캐비어,여,10월 08일,고양이,친절함,6:00,0:00,3040,10
백프로,여,06월 17일,고양이,아이돌,7:30,1:30,3418,4
제인,여,09월 30일,고양이,성숙함,8:30,2:30,8714,6
타마,여,05월 29일,고양이,성숙함,8:30,2:30,9151,2
호냥이,여,08월 13일,고양이,아이돌,7:30,1:30,2468,7
쇼콜라,여,02월 15일,고양이,성숙함,8:30,2:30,2533,2
클레오,여,09월 22일,고양이,성숙함,8:30,2:30,4269,7
사이다,여,03월 27일,고양이,친절함,6:00,0:00,2105,5
예링,여,03월 30일,고양이,아이돌,7:30,1:30,1754,2
유네찌,여,06월 29일,고양이,아이돌,7:30,1:30,6545,1
쵸이,여,04월 27일,고양이,단순활발,9:30,3:30,3519,6
태,남,09월 26일,곰,운동광,6:30,0:30,8586,3
거무틱,남,10월 23일,곰,무뚝뚝,9:00,3:30,4774,5
츄양,남,07월 22일,곰,무뚝뚝,9:00,3:30,8359,6
무뚝,남,07월 31일,곰,무뚝뚝,9:00,3:30,5032,9
박하스,남,08월 16일,곰,먹보,8:00,23:00,5492,1
뚝심,남,07월 01일,곰,무뚝뚝,9:00,3:30,9028,6
대공,남,05월 16일,곰,무뚝뚝,9:00,3:30,5577,5
곰도로스,남,03월 31일,곰,느끼함,7:00,2:00,8769,4
베어드,남,09월 27일,곰,느끼함,7:00,2:00,9688,4
링링,여,09월 09일,곰,아이돌,7:30,1:30,8285,8
연유,여,09월 15일,곰,아이돌,7:30,1:30,4224,2
네이아,여,01월 16일,곰,성숙함/단순활발,NaN,NaN,1266,1
챠미,여,04월 17일,곰,아이돌/단순활발,NaN,NaN,2322,5
레이첼,여,03월 22일,곰,아이돌/단순활발,NaN,NaN,7324,10
캔디,여,03월 13일,곰,친절함,6:00,0:00,3009,7
봉추,남,01월 02일,꼬마곰,운동광,6:30,0:30,2743,10
아이다호,남,09월 28일,꼬마곰,운동광,6:30,0:30,6650,6
우띠,남,06월 11일,꼬마곰,먹보,8:00,23:00,3117,2
곰비,남,08월 02일,꼬마곰,무뚝뚝,9:00,3:30,8483,2
머피,남,12월 29일,꼬마곰,무뚝뚝,9:00,3:30,3193,7
패치,남,02월 10일,꼬마곰,먹보,8:00,23:00,1181,5
팬타,남,08월 06일,꼬마곰,먹보,8:00,23:00,1590,3
곰시,남,03월 02일,꼬마곰,먹보,8:00,23:00,9680,3
마티,남,04월 16일,꼬마곰,먹보,8:00,23:00,3970,3
글루민,여,06월 24일,꼬마곰,아이돌,7:30,1:30,3547,1
메이첼,여,06월 15일,꼬마곰,친절함,6:00,0:00,3224,6
올리브,여,07월 12일,꼬마곰,친절함,6:00,0:00,4699,9
아세로라,여,03월 17일,꼬마곰,아이돌,7:30,1:30,7550,1
메이,여,05월 21일,꼬마곰,친절함,6:00,0:00,3709,8
재스민,여,05월 18일,꼬마곰,친절함,6:00,0:00,4074,2
아네사,여,06월 23일,꼬마곰,단순활발,9:30,3:30,2116,2
미애,여,03월 10일,꼬마곰,성숙함,8:30,2:30,2677,8
늑태,남,11월 05일,늑대,무뚝뚝,9:00,3:30,1245,3
대장,남,12월 19일,늑대,무뚝뚝,9:00,3:30,1923,6
로보,남,11월 25일,늑대,무뚝뚝,9:00,3:30,8804,2
시베리아,남,12월 18일,늑대,무뚝뚝,9:00,3:30,3617,1
켄,남,02월 17일,늑대,먹보/무뚝뚝,NaN,NaN,7144,1
리카르도,남,12월 06일,늑대,느끼함,7:00,2:00,4959,1
산드라,여,12월 14일,늑대,성숙함,8:30,2:30,5444,8
바네사,여,01월 26일,늑대,성숙함,8:30,2:30,7063,10
비앙카,여,09월 17일,늑대,성숙함,8:30,2:30,7940,7
릴리,여,03월 24일,늑대,친절함,6:00,0:00,8928,7
모니카,여,08월 31일,늑대,아이돌,7:30,1:30,2128,6
리키,남,06월 03일,다람쥐,먹보,8:00,23:00,7060,4
스파크,남,07월 09일,다람쥐,무뚝뚝,9:00,3:30,4205,3
갈가리,남,09월 14일,다람쥐,무뚝뚝,9:00,3:30,7081,1
쭈니,남,09월 29일,다람쥐,느끼함,7:00,2:00,9546,8
크리스,남,02월 26일,다람쥐,운동광,6:30,0:30,3555,3
레베카,여,09월 10일,다람쥐,성숙함,8:30,2:30,6556,1
핑키,여,06월 08일,다람쥐,아이돌,7:30,1:30,7562,1
그리미,여,07월 19일,다람쥐,아이돌,7:30,1:30,3001,7
라라미,여,06월 19일,다람쥐,친절함,6:00,0:00,9164,6
민트,여,05월 02일,다람쥐,성숙함,8:30,2:30,1821,8
실루엣,여,07월 03일,다람쥐,성숙함,8:30,2:30,8426,10
파슬리,여,09월 04일,다람쥐,친절함,6:00,0:00,1901,8
캐롤라인,여,07월 15일,다람쥐,친절함,6:00,0:00,5720,9
2호,여,07월 02일,다람쥐,아이돌,7:30,1:30,6854,1
나타샤,여,11월 30일,다람쥐,성숙함,8:30,2:30,5444,5
실바나,여,10월 22일,다람쥐,친절함,6:00,0:00,3523,2
다람,여,08월 05일,다람쥐,친절함,6:00,0:00,1505,7
아이리스,여,08월 30일,다람쥐,단순활발,9:30,3:30,8378,8
스피카,여,09월 11일,다람쥐,친절함,6:00,0:00,5198,4
건태,남,10월 04일,닭,운동광,6:30,0:30,3993,5
김희,남,10월 14일,닭,먹보,8:00,23:00,1320,8
페니실린,남,10월 10일,닭,먹보,8:00,23:00,1799,10
금끼오,남,11월 23일,닭,무뚝뚝,9:00,3:30,1505,2
오골,남,12월 23일,닭,느끼함,7:00,2:00,8751,7
에바,여,04월 28일,닭,친절함,6:00,0:00,9367,10
파타야,여,10월 12일,닭,아이돌/단순활발,NaN,NaN,8748,4
아리아,여,12월 09일,닭,성숙함,8:30,2:30,5278,5
히킨,여,10월 24일,닭,성숙함,8:30,2:30,3215,7
세바스찬,남,01월 08일,독수리,운동광,6:30,0:30,3075,1
아폴로,남,07월 04일,독수리,무뚝뚝,9:00,3:30,6518,9
근엄,남,12월 07일,독수리,무뚝뚝,9:00,3:30,9921,8
쿠스케처,남,02월 22일,독수리,무뚝뚝,9:00,3:30,7786,7
헐크,남,07월 30일,독수리,무뚝뚝,9:00,3:30,8511,3
은수리,남,12월 11일,독수리,운동광,6:30,0:30,4242,10
프랭크,남,06월 01일,독수리,느끼함,7:00,2:00,9246,9
안데스,여,11월 19일,독수리,성숙함,8:30,2:30,3994,8
티파니,여,03월 25일,독수리,친절함,6:00,0:00,4659,6
시온,여,01월 20일,독수리,단순활발,9:30,3:30,8278,6
햄까스,남,07월 26일,돼지,운동광,6:30,0:30,6713,9
글레이,남,04월 07일,돼지,무뚝뚝,9:00,3:30,2672,7
먹고파,남,12월 30일,돼지,먹보,8:00,23:00,7221,9
박사,남,10월 07일,돼지,운동광,6:30,0:30,9601,10
포크,남,09월 03일,돼지,먹보,8:00,23:00,9995,5
보리,남,11월 06일,돼지,무뚝뚝,9:00,3:30,6694,6
멧지,남,04월 26일,돼지,운동광,6:30,0:30,3966,9
돈후앙,남,10월 13일,돼지,느끼함,7:00,2:00,4965,8
탱고,여,07월 28일,돼지,아이돌,7:30,1:30,4271,6
루시,여,06월 02일,돼지,친절함,6:00,0:00,2136,5
체리,여,05월 23일,돼지,아이돌,7:30,1:30,1881,6
마가렛,여,09월 03일,돼지,친절함,6:00,0:00,4359,8
꽃지,여,03월 05일,돼지,친절함,6:00,0:00,5820,8
브리트니,여,11월 14일,돼지,성숙함,8:30,2:30,3864,6
아그네스,여,04월 21일,돼지,단순활발,9:30,3:30,8109,2
바야시코프,남,04월 04일,말,운동광,6:30,0:30,9252,5
샤브렌,남,10월 05일,말,먹보,8:00,23:00,3821,8
꺼벙,남,09월 16일,말,운동광/느끼함,NaN,NaN,9436,10
슈베르트,남,06월 16일,말,무뚝뚝,9:00,3:30,2446,5
마철이,남,05월 01일,말,먹보,8:00,23:00,4031,3
안소니,남,05월 22일,말,느끼함,7:00,2:00,9616,4
유니오,남,03월 15일,말,느끼함,7:00,2:00,8477,3
마사마,남,01월 10일,말,먹보,8:00,23:00,9464,9
사반나,여,01월 25일,말,친절함,6:00,0:00,5603,6
말자,여,11월 28일,말,친절함,6:00,0:00,8221,10
카로틴,여,01월 31일,말,아이돌,7:30,1:30,4023,3
아이소토프,여,02월 09일,말,성숙함,8:30,2:30,7604,3
실부플레,여,12월 02일,말,성숙함,8:30,2:30,1749,7
센트엘로,여,07월 11일,말,아이돌,7:30,1:30,1286,10
리아나,여,06월 04일,말,단순활발,9:30,3:30,9660,9
문복,남,09월 20일,문어,무뚝뚝,9:00,3:30,1481,4
탁호,남,03월 08일,문어,먹보,8:00,23:00,4538,9
기가,남,04월 01일,문어,느끼함,7:00,2:00,6546,6
문리나,여,06월 26일,문어,친절함,6:00,0:00,3565,10
넬슨,남,06월 07일,사슴,느끼함,7:00,2:00,9525,8
록키,남,11월 07일,사슴,운동광,6:30,0:30,2302,10
브루스,남,05월 26일,사슴,무뚝뚝,9:00,3:30,6053,9
자끄,남,07월 27일,사슴,먹보,8:00,23:00,7605,4
피터,남,04월 05일,사슴,먹보,8:00,23:00,1603,6
톰슨,남,08월 20일,사슴,느끼함,7:00,2:00,3072,10
나탈리,여,01월 04일,사슴,성숙함,8:30,2:30,3856,6
솔미,여,03월 26일,사슴,친절함,6:00,0:00,6419,5
제시카,여,09월 19일,사슴,단순활발,9:30,3:30,7024,6
나디아,여,05월 04일,사슴,단순활발,9:30,3:30,5478,6
첼시,여,01월 18일,사슴,친절함,6:00,0:00,2392,5
요비,여,10월 31일,사슴,아이돌,7:30,1:30,8210,9
렉스,(없음),07월 24일,사자,먹보,8:00,23:00,5149,7
티처,(없음),08월 14일,사자,운동광/느끼함,NaN,NaN,5878,2
선글,(없음),08월 18일,사자,운동광,6:30,0:30,2289,7
킹,(없음),07월 23일,사자,무뚝뚝,9:00,3:30,2958,10
릭,(없음),07월 10일,사자,운동광,6:30,0:30,6197,10
라이오넬,(없음),07월 29일,사자,느끼함,7:00,2:00,2661,1
아더,(없음),08월 07일,사자,운동광,6:30,0:30,1166,10
참돌이,남,07월 17일,새,운동광,6:30,0:30,8618,5
안쵸비,남,03월 04일,새,먹보,8:00,23:00,2982,6
일섭,남,01월 27일,새,무뚝뚝,9:00,3:30,2855,7
페더,남,08월 11일,새,운동광,6:30,0:30,8961,9
야곱,남,08월 24일,새,먹보,8:00,23:00,1568,2
딩요,남,02월 02일,새,운동광,6:30,0:30,7544,4
쪼끼,남,06월 22일,새,느끼함,7:00,2:00,1143,3
마스카라스,남,12월 12일,새,느끼함,7:00,2:00,7421,9
문대,남,07월 25일,새,운동광,6:30,0:30,9052,4
춘섭,남,11월 20일,새,운동광,6:30,0:30,6855,3
파틱,여,12월 04일,새,성숙함,8:30,2:30,1951,3
핀틱,여,07월 13일,새,아이돌,7:30,1:30,5411,6
핑글이,여,03월 12일,새,친절함,6:00,0:00,1555,1
파이프,여,04월 18일,새,아이돌,7:30,1:30,3502,2
단무지,남,10월 17일,생쥐,무뚝뚝,9:00,3:30,3868,9
조르쥐,남,01월 17일,생쥐,무뚝뚝,9:00,3:30,3094,1
피스,남,07월 05일,생쥐,운동광,6:30,0:30,2052,5
쟝,남,08월 14일,생쥐,운동광,6:30,0:30,9740,8
브로콜리,남,06월 30일,생쥐,먹보,8:00,23:00,7667,1
핑,남,09월 13일,생쥐,운동광,6:30,0:30,8151,7
치즈,남,12월 15일,생쥐,느끼함,7:00,2:00,1745,7
티미,여,02월 18일,생쥐,친절함,6:00,0:00,9709,2
라자냐,여,02월 24일,생쥐,아이돌,7:30,1:30,5070,4
사탕,여,04월 13일,생쥐,아이돌,7:30,1:30,7647,2
사라,여,07월 07일,생쥐,성숙함,8:30,2:30,3776,2
이자벨,여,12월 28일,생쥐,아이돌,7:30,1:30,9500,9
마르카,여,06월 12일,생쥐,친절함,6:00,0:00,7872,7
찍순이,여,02월 05일,생쥐,아이돌,7:30,1:30,2412,8
복자,여,09월 05일,생쥐,성숙함,8:30,2:30,4659,9
리카,여,10월 23일,생쥐,성숙함,8:30,2:30,5572,10
티본,남,05월 20일,소,먹보/무뚝뚝,NaN,NaN,7348,5
모리스,남,04월 20일,소,먹보,8:00,23:00,4764,2
반데스,남,04월 30일,소,무뚝뚝,9:00,3:30,1434,2
로데오,남,10월 29일,소,먹보,8:00,23:00,8943,9
노르망,남,12월 29일,소,무뚝뚝,9:00,3:30,1288,8
철소,남,04월 29일,소,운동광,6:30,0:30,8630,5
밀크,여,05월 10일,소,아이돌,7:30,1:30,4604,1
미자,여,09월 20일,소,친절함,6:00,0:00,7091,9
마틸다,여,08월 25일,소,성숙함,8:30,2:30,2429,1
화자,여,02월 28일,소,성숙함,8:30,2:30,3133,3
알베르트,남,06월 09일,악어,먹보,8:00,23:00,3564,6
풍작,남,08월 07일,악어,운동광,6:30,0:30,1368,5
파도맨,남,05월 27일,악어,무뚝뚝,9:00,3:30,9440,6
삐로코,남,05월 02일,악어,먹보/느끼함,NaN,NaN,2537,8
용남이,남,02월 12일,악어,먹보,8:00,23:00,5061,4
하이드,남,11월 15일,악어,운동광,6:30,0:30,5402,8
크로크,여,11월 08일,악어,성숙함,8:30,2:30,1071,7
앨리,여,05월 17일,악어,친절함,6:00,0:00,9788,9
카를로스,남,05월 08일,양,무뚝뚝/느끼함,NaN,NaN,5037,1
피엘,남,04월 19일,양,느끼함,7:00,2:00,5099,6
차둘,남,03월 18일,양,운동광,6:30,0:30,7597,7
메리어스,여,04월 16일,양,친절함,6:00,0:00,8630,9
트로와,여,03월 28일,양,성숙함,8:30,2:30,6154,10
곱슬이,여,04월 03일,양,친절함,6:00,0:00,7259,6
아크릴,여,04월 09일,양,친절함,6:00,0:00,8053,1
캐시미어,여,04월 02일,양,성숙함,8:30,2:30,3247,4
마리,여,11월 26일,양,성숙함,8:30,2:30,2322,8
눈송이,여,08월 15일,양,아이돌,7:30,1:30,9947,8
프릴,여,02월 14일,양,단순활발,9:30,3:30,2935,5
웬디,여,07월 16일,양,단순활발,9:30,3:30,5179,9
잔디,여,10월 21일,양,성숙함,8:30,2:30,9964,2
에뜨와르,여,12월 25일,양,친절함,6:00,0:00,7325,5
빌리,남,08월 29일,염소,무뚝뚝,9:00,3:30,1244,2
힘드러,남,03월 25일,염소,운동광,6:30,0:30,6211,4
염두리,남,06월 28일,염소,먹보/느끼함,NaN,NaN,4004,5
래미,남,01월 18일,염소,먹보,8:00,23:00,9691,6
윤이,여,03월 06일,염소,친절함,6:00,0:00,3049,6
벨마,여,01월 14일,염소,성숙함,8:30,2:30,7054,2
순이,여,08월 24일,염소,친절함,6:00,0:00,3950,6
바바라,여,12월 26일,염소,단순활발,9:30,3:30,9356,7
코코아,남,02월 01일,오리,운동광,6:30,0:30,9633,7
리처드,남,01월 03일,오리,먹보,8:00,23:00,8345,9
봉,남,05월 25일,오리,먹보,8:00,23:00,5980,9
지키미,남,06월 13일,오리,운동광,6:30,0:30,6794,3
아잠만,남,06월 30일,오리,먹보,8:00,23:00,9910,9
푸아그라,남,06월 25일,오리,먹보,8:00,23:00,5097,5
덕근,남,12월 22일,오리,느끼함,7:00,2:00,4242,7
나키,여,02월 23일,오리,아이돌,7:30,1:30,5673,7
주디,여,02월 11일,오리,아이돌,7:30,1:30,1431,2
다랑어,여,02월 19일,오리,아이돌,7:30,1:30,4875,5
마리모,여,06월 27일,오리,친절함,6:00,0:00,1075,3
스미모,여,11월 17일,오리,성숙함,8:30,2:30,5941,9
앤,여,04월 08일,오리,성숙함,8:30,2:30,2672,5
미란다,여,04월 23일,오리,성숙함,8:30,2:30,2003,7
케첩,여,07월 27일,오리,아이돌,7:30,1:30,5855,2
마릴린,여,08월 12일,오리,성숙함,8:30,2:30,1420,4
귀오미,여,03월 07일,오리,친절함,6:00,0:00,9841,3
몽티,남,12월 07일,원숭이,무뚝뚝,9:00,3:30,8670,7
시몬,남,01월 19일,원숭이,먹보,8:00,23:00,4243,2
원승,남,11월 21일,원숭이,운동광,6:30,0:30,7926,4
델리,남,05월 24일,원숭이,먹보,8:00,23:00,8284,7
제천,남,08월 18일,원숭이,운동광,6:30,0:30,7814,10
몽자,여,03월 21일,원숭이,성숙함,8:30,2:30,5752,1
키키,여,08월 23일,원숭이,친절함,6:00,0:00,8510,4
에이프릴,여,04월 01일,원숭이,아이돌,7:30,1:30,8116,4
젤리,여,04월 10일,원숭이,단순활발,9:30,3:30,3371,7
마이크,남,12월 01일,캥거루,무뚝뚝,9:00,3:30,3359,10
관록,남,04월 24일,캥거루,무뚝뚝,9:00,3:30,6454,3
애플리케,여,10월 11일,캥거루,친절함,6:00,0:00,8934,2
안젤라,여,11월 12일,캥거루,성숙함,8:30,2:30,2344,2
펑키맘,여,09월 08일,캥거루,성숙함,8:30,2:30,6142,9
마미,여,12월 05일,캥거루,친절함,6:00,0:00,3618,4
실비아,여,05월 03일,캥거루,성숙함/단순활발,NaN,NaN,6608,1
마리아,여,05월 31일,캥거루,친절함,6:00,0:00,7548,9
휴지,남,07월 14일,코끼리,먹보,8:00,23:00,8578,3
엑스엘리,남,03월 23일,코끼리,운동광,6:30,0:30,8678,2
파올로,남,05월 05일,코끼리,먹보,8:00,23:00,7218,3
3호,남,10월 03일,코끼리,먹보,8:00,23:00,8160,1
맘모,남,09월 07일,코끼리,먹보,8:00,23:00,5051,10
펑크스,남,06월 09일,코끼리,무뚝뚝,9:00,3:30,6271,1
엘레핀,여,12월 08일,코끼리,성숙함,8:30,2:30,6161,7
오팔,여,01월 20일,코끼리,성숙함,8:30,2:30,9788,6
에끌레르,여,05월 12일,코끼리,친절함,6:00,0:00,8866,4
샐리,여,01월 28일,코끼리,친절함,6:00,0:00,1516,7
티나,여,11월 18일,코끼리,친절함,6:00,0:00,3241,10
피카,여,03월 06일,코끼리,아이돌,7:30,1:30,6924,2
탱크,남,05월 06일,코뿔소,운동광,6:30,0:30,3595,10
스쿼트,남,06월 17일,코뿔소,무뚝뚝,9:00,3:30,2152,2
뿌람,남,03월 20일,코뿔소,먹보,8:00,23:00,4680,5
페튜니아,여,12월 18일,코뿔소,성숙함,8:30,2:30,1396,1
론다,여,01월 24일,코뿔소,친절함,6:00,0:00,3745,6
스트로베리,여,03월 19일,코뿔소,친절함,6:00,0:00,5081,3
뿔님이,여,05월 28일,코뿔소,단순활발,9:30,3:30,6966,1
동동이,남,05월 07일,코알라,먹보,8:00,23:00,5356,8
근성,남,10월 13일,코알라,무뚝뚝,9:00,3:30,2878,7
오즈먼드,남,10월 12일,코알라,운동광,6:30,0:30,6136,3
코알,남,10월 26일,코알라,느끼함,7:00,2:00,7849,8
유카리,여,07월 20일,코알라,성숙함,8:30,2:30,3786,10
시드니,여,06월 21일,코알라,친절함,6:00,0:00,2631,1
마치,여,03월 21일,코알라,친절함/단순활발,NaN,NaN,8132,4
멜버른,여,08월 19일,코알라,친절함,6:00,0:00,3093,3
아델레이드,여,04월 12일,코알라,친절함,6:00,0:00,8449,10
캔버라,여,05월 14일,코알라,단순활발,9:30,3:30,9019,5
헤르츠,남,12월 01일,타조,운동광,6:30,0:30,9539,7
타키,남,09월 23일,타조,먹보,8:00,23:00,7836,5
케인,남,11월 27일,타조,느끼함,7:00,2:00,8585,3
택주,여,11월 13일,타조,성숙함,8:30,2:30,6419,5
샌디,여,10월 21일,타조,친절함,6:00,0:00,4840,9
데자네,여,09월 10일,타조,아이돌,7:30,1:30,2422,9
빅토리아,여,01월 15일,타조,친절함,6:00,0:00,6895,7
줄리아,여,07월 31일,타조,성숙함,8:30,2:30,3614,6
휘니,여,04월 22일,타조,단순활발,9:30,3:30,7917,8
신옥,여,12월 21일,타조,성숙함,8:30,2:30,1124,5
플라라,여,02월 09일,타조,아이돌,7:30,1:30,3064,3
닌토,남,11월 03일,토끼,운동광,6:30,0:30,9428,8
대길,남,10월 28일,토끼,무뚝뚝,9:00,3:30,7837,2
토시,남,01월 21일,토끼,운동광,6:30,0:30,3151,3
토니,남,03월 16일,토끼,먹보,8:00,23:00,6164,7
비니거,남,12월 03일,토끼,먹보,8:00,23:00,6322,2
산토스,남,07월 24일,토끼,무뚝뚝/느끼함,NaN,NaN,9817,7
홉킨스,남,03월 11일,토끼,먹보,8:00,23:00,5534,2
아마민,남,08월 10일,토끼,먹보,8:00,23:00,4318,2
토비,남,07월 10일,토끼,느끼함,7:00,2:00,1861,6
미첼,남,05월 19일,토끼,먹보,8:00,23:00,8586,10
릴리안,여,05월 09일,토끼,아이돌,7:30,1:30,4345,7
서머,여,03월 14일,토끼,아이돌,7:30,1:30,1569,10
이요,여,03월 01일,토끼,친절함,6:00,0:00,9432,6
로타,여,06월 14일,토끼,아이돌,7:30,1:30,3017,5
패티카,여,12월 16일,토끼,아이돌,7:30,1:30,2931,3
크리스틴,여,08월 28일,토끼,아이돌,7:30,1:30,7359,8
프랑소와,여,01월 22일,토끼,성숙함,8:30,2:30,2538,2
바슬레,여,01월 09일,토끼,성숙함,8:30,2:30,6105,8
루나,여,12월 25일,토끼,아이돌,7:30,1:30,3450,2
초코,여,01월 06일,토끼,아이돌,7:30,1:30,3836,3
미랑,여,07월 06일,토끼,단순활발,9:30,3:30,1556,3
미미,여,03월 03일,토끼,아이돌,7:30,1:30,4429,2
빙수,남,01월 29일,펭귄,먹보,8:00,23:00,6419,10
펭수,남,01월 05일,펭귄,운동광,6:30,0:30,3591,7
달만이,남,04월 06일,펭귄,무뚝뚝,9:00,3:30,9118,10
하키,남,02월 21일,펭귄,먹보,8:00,23:00,9687,10
팽기,남,02월 07일,펭귄,먹보,8:00,23:00,8171,9
호떡,남,10월 30일,펭귄,먹보,8:00,23:00,5987,2
펭구,남,12월 24일,펭귄,먹보,8:00,23:00,9420,2
김말이,남,11월 02일,펭귄,운동광,6:30,0:30,6095,1
볼트,남,10월 06일,펭귄,느끼함,7:00,2:00,4704,1
사브리나,여,10월 16일,펭귄,성숙함,8:30,2:30,5290,2
오로라,여,01월 27일,펭귄,친절함,6:00,0:00,7387,6
폴라,여,01월 23일,펭귄,성숙함,8:30,2:30,1091,7
크리미,여,02월 20일,펭귄,아이돌,7:30,1:30,7416,2
레이라,여,09월 02일,펭귄,단순활발,9:30,3:30,9270,1
곤잘레스,남,08월 18일,하마,무뚝뚝,9:00,3:30,2402,9
가브리엘,남,03월 29일,하마,운동광,6:30,0:30,9961,4
올리버,남,01월 07일,하마,운동광/무뚝뚝,NaN,NaN,3283,2
데이빗,남,10월 15일,하마,느끼함,7:00,2:00,6888,8
베티,여,04월 25일,하마,친절함,6:00,0:00,3398,4
차코,여,09월 18일,하마,아이돌,7:30,1:30,6122,3
비티,여,10월 06일,하마,성숙함,8:30,2:30,2008,6
글라햄,남,06월 20일,햄스터,느끼함,7:00,2:00,5737,5
햄스틴,남,05월 30일,햄스터,운동광,6:30,0:30,8352,8
지미,남,11월 10일,햄스터,느끼함,7:00,2:00,1836,5
햄둥,남,10월 19일,햄스터,먹보,8:00,23:00,2689,10
햄쥐,남,02월 25일,햄스터,무뚝뚝,9:00,3:30,6921,7
보스터,남,06월 26일,햄스터,무뚝뚝,9:00,3:30,9371,1
뽀야미,여,01월 30일,햄스터,친절함,6:00,0:00,9506,5
샨티,여,08월 09일,햄스터,성숙함,8:30,2:30,6812,1
애플,여,09월 24일,햄스터,아이돌,7:30,1:30,7390,10
호랭이,남,08월 22일,호랑이,무뚝뚝,9:00,3:30,8000,2
티볼트,남,08월 19일,호랑이,운동광,6:30,0:30,1361,1
고메스,남,08월 26일,호랑이,무뚝뚝/운동광,NaN,NaN,7733,8
범호,남,05월 15일,호랑이,운동광,6:30,0:30,6865,2
루주,여,08월 27일,호랑이,아이돌,7:30,1:30,1658,9
백희,여,12월 13일,호랑이,아이돌,7:30,1:30,5056,9
신디,여,11월 22일,호랑이,성숙함,8:30,2:30,3784,8
